{
  "project_info": {
    "project_number": "987739245862",
    "firebase_url": "https://coffeeshop-a48b8.firebaseio.com",
    "project_id": "coffeeshop-a48b8",
    "storage_bucket": "coffeeshop-a48b8.appspot.com"
  },
  "client": [
    {
      "client_info": {
        "mobilesdk_app_id": "1:987739245862:android:fc0dc32a5b3e91c1",
        "android_client_info": {
          "package_name": "com.crucifix.software.coffeeshop"
        }
      },
      "oauth_client": [
        {
          "client_id": "987739245862-qep2aqr13h5oqhs195jqcd3d78s5kb2n.apps.googleusercontent.com",
          "client_type": 1,
          "android_info": {
            "package_name": "com.crucifix.software.coffeeshop",
            "certificate_hash": "ACEE0F773B8DFB774C7E77E641C5576F3A811191"
          }
        },
        {
          "client_id": "987739245862-jf1hqgug00tbfm8dp7s6i59pu2jrt8s2.apps.googleusercontent.com",
          "client_type": 3
        }
      ],
      "api_key": [{ "current_key": "" }],
      "services": {
        "analytics_service": {
          "status": 1
        },
        "appinvite_service": {
          "status": 2,
          "other_platform_oauth_client": [
            {
              "client_id": "987739245862-jf1hqgug00tbfm8dp7s6i59pu2jrt8s2.apps.googleusercontent.com",
              "client_type": 3
            }
          ]
        },
        "ads_service": {
          "status": 2
        }
      }
    }
  ],
  "configuration_version": "1"
}